date,areaType,areaCode,areaName,cumCasesByPublishDate
"2021-01-07",nation,E92000001,England,2497824
"2021-01-06",nation,E92000001,England,2450983
"2021-01-05",nation,E92000001,England,2394923
"2021-01-04",nation,E92000001,England,2339983
"2021-01-03",nation,E92000001,England,2286803
"2021-01-02",nation,E92000001,England,2239950
"2021-01-01",nation,E92000001,England,2190702
"2020-12-31",nation,E92000001,England,2139956
"2020-12-30",nation,E92000001,England,2090446
"2020-12-29",nation,E92000001,England,2046892
"2020-12-28",nation,E92000001,England,1999728
"2020-12-27",nation,E92000001,England,1963217
"2020-12-26",nation,E92000001,England,1937598
"2020-12-25",nation,E92000001,England,1906291
"2020-12-24",nation,E92000001,England,1874731
"2020-12-23",nation,E92000001,England,1839170
"2020-12-22",nation,E92000001,England,1804923
"2020-12-21",nation,E92000001,England,1772635
"2020-12-20",nation,E92000001,England,1743893
"2020-12-19",nation,E92000001,England,1711738
"2020-12-18",nation,E92000001,England,1688963
"2020-12-17",nation,E92000001,England,1664511
"2020-12-16",nation,E92000001,England,1642110
"2020-12-15",nation,E92000001,England,1618678
"2020-12-14",nation,E92000001,England,1602174
"2020-12-13",nation,E92000001,England,1584292
"2020-12-12",nation,E92000001,England,1567128
"2020-12-11",nation,E92000001,England,1549660
"2020-12-10",nation,E92000001,England,1531761
"2020-12-09",nation,E92000001,England,1514139
"2020-12-08",nation,E92000001,England,1501179
"2020-12-07",nation,E92000001,England,1490720
"2020-12-06",nation,E92000001,England,1479097
"2020-12-05",nation,E92000001,England,1464803
"2020-12-04",nation,E92000001,England,1452137
"2020-12-03",nation,E92000001,England,1438725
"2020-12-02",nation,E92000001,England,1426733
"2020-12-01",nation,E92000001,England,1413410
"2020-11-30",nation,E92000001,England,1401792
"2020-11-29",nation,E92000001,England,1390923
"2020-11-28",nation,E92000001,England,1380869
"2020-11-27",nation,E92000001,England,1367546
"2020-11-26",nation,E92000001,England,1355272
"2020-11-25",nation,E92000001,England,1340635
"2020-11-24",nation,E92000001,England,1324742
"2020-11-23",nation,E92000001,England,1314888
"2020-11-22",nation,E92000001,England,1301559
"2020-11-21",nation,E92000001,England,1284891
"2020-11-20",nation,E92000001,England,1267276
"2020-11-19",nation,E92000001,England,1249431
"2020-11-18",nation,E92000001,England,1229140
"2020-11-17",nation,E92000001,England,1211951
"2020-11-16",nation,E92000001,England,1194402
"2020-11-15",nation,E92000001,England,1174979
"2020-11-14",nation,E92000001,England,1152981
"2020-11-13",nation,E92000001,England,1128683
"2020-11-12",nation,E92000001,England,1104143
"2020-11-11",nation,E92000001,England,1073300
"2020-11-10",nation,E92000001,England,1053330
"2020-11-09",nation,E92000001,England,1034708
"2020-11-08",nation,E92000001,England,1015672
"2020-11-07",nation,E92000001,England,997379
"2020-11-06",nation,E92000001,England,975504
"2020-11-05",nation,E92000001,England,955236
"2020-11-04",nation,E92000001,England,934099
"2020-11-03",nation,E92000001,England,912236
"2020-11-02",nation,E92000001,England,894906
"2020-11-01",nation,E92000001,England,879046
"2020-10-31",nation,E92000001,England,858444
"2020-10-30",nation,E92000001,England,839580
"2020-10-29",nation,E92000001,England,818759
"2020-10-28",nation,E92000001,England,799019
"2020-10-27",nation,E92000001,England,777774
"2020-10-26",nation,E92000001,England,758145
"2020-10-25",nation,E92000001,England,740262
"2020-10-24",nation,E92000001,England,723775
"2020-10-23",nation,E92000001,England,704443
"2020-10-22",nation,E92000001,England,687327
"2020-10-21",nation,E92000001,England,669973
"2020-10-20",nation,E92000001,England,647025
"2020-10-19",nation,E92000001,England,629211
"2020-10-18",nation,E92000001,England,612846
"2020-10-17",nation,E92000001,England,598142
"2020-10-16",nation,E92000001,England,584843
"2020-10-15",nation,E92000001,England,572667
"2020-10-14",nation,E92000001,England,556528
"2020-10-13",nation,E92000001,England,540396
"2020-10-12",nation,E92000001,England,526086
"2020-10-11",nation,E92000001,England,514439
"2020-10-10",nation,E92000001,England,504056
"2020-10-09",nation,E92000001,England,491428
"2020-10-08",nation,E92000001,England,480656
"2020-10-07",nation,E92000001,England,465704
"2020-10-06",nation,E92000001,England,454176
"2020-10-05",nation,E92000001,England,441528
"2020-10-04",nation,E92000001,England,430843
"2020-10-03",nation,E92000001,England,409534
"2020-10-02",nation,E92000001,England,398728
"2020-10-01",nation,E92000001,England,393931
"2020-09-30",nation,E92000001,England,388342
"2020-09-29",nation,E92000001,England,382686
"2020-09-28",nation,E92000001,England,377035
"2020-09-27",nation,E92000001,England,373719
"2020-09-26",nation,E92000001,England,368919
"2020-09-25",nation,E92000001,England,364280
"2020-09-24",nation,E92000001,England,358557
"2020-09-23",nation,E92000001,England,352925
"2020-09-22",nation,E92000001,England,347842
"2020-09-21",nation,E92000001,England,343655
"2020-09-20",nation,E92000001,England,339901
"2020-09-19",nation,E92000001,England,336622
"2020-09-18",nation,E92000001,England,332984
"2020-09-17",nation,E92000001,England,329213
"2020-09-16",nation,E92000001,England,326425
"2020-09-15",nation,E92000001,England,323029
"2020-09-14",nation,E92000001,England,320380
"2020-09-13",nation,E92000001,England,318121
"2020-09-12",nation,E92000001,England,315284
"2020-09-11",nation,E92000001,England,312276
"2020-09-10",nation,E92000001,England,309133
"2020-09-09",nation,E92000001,England,306555
"2020-09-08",nation,E92000001,England,304269
"2020-09-07",nation,E92000001,England,302175
"2020-09-06",nation,E92000001,England,299647
"2020-09-05",nation,E92000001,England,297071
"2020-09-04",nation,E92000001,England,295594
"2020-09-03",nation,E92000001,England,293925
"2020-09-02",nation,E92000001,England,292418
"2020-09-01",nation,E92000001,England,291179
"2020-08-31",nation,E92000001,England,290138
"2020-08-30",nation,E92000001,England,288989
"2020-08-29",nation,E92000001,England,287502
"2020-08-28",nation,E92000001,England,286611
"2020-08-27",nation,E92000001,England,285505
"2020-08-26",nation,E92000001,England,284155
"2020-08-25",nation,E92000001,England,283280
"2020-08-24",nation,E92000001,England,282215
"2020-08-23",nation,E92000001,England,281457
"2020-08-22",nation,E92000001,England,280519
"2020-08-21",nation,E92000001,England,279459
"2020-08-20",nation,E92000001,England,278551
"2020-08-19",nation,E92000001,England,277516
"2020-08-18",nation,E92000001,England,276809
"2020-08-17",nation,E92000001,England,275834
"2020-08-16",nation,E92000001,England,275200
"2020-08-15",nation,E92000001,England,274248
"2020-08-14",nation,E92000001,England,273314
"2020-08-13",nation,E92000001,England,272030
"2020-08-12",nation,E92000001,England,270971
"2020-08-11",nation,E92000001,England,270046
"2020-08-10",nation,E92000001,England,269011
"2020-08-09",nation,E92000001,England,268312
"2020-08-08",nation,E92000001,England,267324
"2020-08-07",nation,E92000001,England,266645
"2020-08-06",nation,E92000001,England,265849
"2020-08-05",nation,E92000001,England,265023
"2020-08-04",nation,E92000001,England,264219
"2020-08-03",nation,E92000001,England,263602
"2020-08-02",nation,E92000001,England,262746
"2020-08-01",nation,E92000001,England,262070
"2020-07-31",nation,E92000001,England,261348
"2020-07-30",nation,E92000001,England,260534
"2020-07-29",nation,E92000001,England,259722
"2020-07-28",nation,E92000001,England,259022
"2020-07-27",nation,E92000001,England,258475
"2020-07-26",nation,E92000001,England,257859
"2020-07-25",nation,E92000001,England,257138
"2020-07-24",nation,E92000001,England,256428
"2020-07-23",nation,E92000001,England,255740
"2020-07-22",nation,E92000001,England,255038
"2020-07-21",nation,E92000001,England,254519
"2020-07-20",nation,E92000001,England,254120
"2020-07-19",nation,E92000001,England,253585
"2020-07-18",nation,E92000001,England,252913
"2020-07-17",nation,E92000001,England,252117
"2020-07-16",nation,E92000001,England,251482
"2020-07-15",nation,E92000001,England,250885
"2020-07-14",nation,E92000001,England,250379
"2020-07-13",nation,E92000001,England,250007
"2020-07-12",nation,E92000001,England,249510
"2020-07-11",nation,E92000001,England,248895
"2020-07-10",nation,E92000001,England,248089
"2020-07-09",nation,E92000001,England,247609
"2020-07-08",nation,E92000001,England,246992
"2020-07-07",nation,E92000001,England,246386
"2020-07-06",nation,E92000001,England,245814
"2020-07-05",nation,E92000001,England,245483
"2020-07-04",nation,E92000001,England,244991
"2020-07-03",nation,E92000001,England,244412
"2020-07-02",nation,E92000001,England,243910
"2020-07-01",nation,E92000001,England,160764
"2020-06-30",nation,E92000001,England,160587
"2020-06-29",nation,E92000001,England,160391
"2020-06-28",nation,E92000001,England,160292
"2020-06-27",nation,E92000001,England,160150
"2020-06-26",nation,E92000001,England,159958
"2020-06-25",nation,E92000001,England,159696
"2020-06-24",nation,E92000001,England,159435
"2020-06-23",nation,E92000001,England,159328
"2020-06-22",nation,E92000001,England,159118
"2020-06-21",nation,E92000001,England,158940
"2020-06-20",nation,E92000001,England,158725
"2020-06-19",nation,E92000001,England,158401
"2020-06-18",nation,E92000001,England,158078
"2020-06-17",nation,E92000001,England,157797
"2020-06-16",nation,E92000001,England,157545
"2020-06-15",nation,E92000001,England,157293
"2020-06-14",nation,E92000001,England,157074
"2020-06-13",nation,E92000001,England,156782
"2020-06-12",nation,E92000001,England,156410
"2020-06-11",nation,E92000001,England,156018
"2020-06-10",nation,E92000001,England,155714
"2020-06-09",nation,E92000001,England,155651
"2020-06-08",nation,E92000001,England,155000
"2020-06-07",nation,E92000001,England,154908
"2020-06-06",nation,E92000001,England,154680
"2020-06-05",nation,E92000001,England,154258
"2020-06-04",nation,E92000001,England,153807
"2020-06-03",nation,E92000001,England,153376
"2020-06-02",nation,E92000001,England,152914
"2020-06-01",nation,E92000001,England,152470
"2020-05-31",nation,E92000001,England,152176
"2020-05-30",nation,E92000001,England,151856
"2020-05-29",nation,E92000001,England,151982
"2020-05-28",nation,E92000001,England,151422
"2020-05-27",nation,E92000001,England,150903
"2020-05-26",nation,E92000001,England,150294
"2020-05-25",nation,E92000001,England,149802
"2020-05-24",nation,E92000001,England,149308
"2020-05-23",nation,E92000001,England,148724
"2020-05-22",nation,E92000001,England,147745
"2020-05-21",nation,E92000001,England,146662
"2020-05-20",nation,E92000001,England,145808
"2020-05-19",nation,E92000001,England,145376
"2020-05-18",nation,E92000001,England,144519
"2020-05-17",nation,E92000001,England,143703
"2020-05-16",nation,E92000001,England,142915
"2020-05-15",nation,E92000001,England,141779
"2020-05-14",nation,E92000001,England,140667
"2020-05-13",nation,E92000001,England,139478
"2020-05-12",nation,E92000001,England,138332
"2020-05-11",nation,E92000001,England,137265
"2020-05-10",nation,E92000001,England,136374
"2020-05-09",nation,E92000001,England,135367
"2020-05-08",nation,E92000001,England,134018
"2020-05-07",nation,E92000001,England,132324
"2020-05-06",nation,E92000001,England,130191
"2020-05-05",nation,E92000001,England,128580
"2020-05-04",nation,E92000001,England,126738
"2020-05-03",nation,E92000001,England,125253
"2020-05-02",nation,E92000001,England,123234
"2020-05-01",nation,E92000001,England,121006
"2020-04-30",nation,E92000001,England,118343
"2020-04-29",nation,E92000001,England,115859
"2020-04-28",nation,E92000001,England,114456
"2020-04-27",nation,E92000001,England,112467
"2020-04-26",nation,E92000001,England,110203
"2020-04-25",nation,E92000001,England,108051
"2020-04-24",nation,E92000001,England,105225
"2020-04-23",nation,E92000001,England,102221
"2020-04-22",nation,E92000001,England,99137
"2020-04-21",nation,E92000001,England,96117
"2020-04-20",nation,E92000001,England,93030
"2020-04-19",nation,E92000001,England,90629
"2020-04-18",nation,E92000001,England,87022
"2020-04-17",nation,E92000001,England,83474
"2020-04-16",nation,E92000001,England,79489
"2020-04-15",nation,E92000001,England,76371
"2020-04-14",nation,E92000001,England,73183
"2020-04-13",nation,E92000001,England,69329
"2020-04-12",nation,E92000001,England,66330
"2020-04-11",nation,E92000001,England,62658
"2020-04-10",nation,E92000001,England,58817
"2020-04-09",nation,E92000001,England,54554
"2020-04-08",nation,E92000001,England,50756
"2020-04-07",nation,E92000001,England,45968
"2020-04-06",nation,E92000001,England,42990
"2020-04-05",nation,E92000001,England,39814
"2020-04-04",nation,E92000001,England,34707
"2020-04-03",nation,E92000001,England,31797
"2020-04-02",nation,E92000001,England,28221
"2020-04-01",nation,E92000001,England,24638
"2020-03-31",nation,E92000001,England,21008
"2020-03-30",nation,E92000001,England,18594
"2020-03-29",nation,E92000001,England,16487
"2020-03-28",nation,E92000001,England,14427
"2020-03-27",nation,E92000001,England,12288
"2020-03-26",nation,E92000001,England,9782
"2020-03-25",nation,E92000001,England,7973
"2020-03-24",nation,E92000001,England,6843
"2020-03-23",nation,E92000001,England,5585
"2020-03-22",nation,E92000001,England,4792
"2020-03-21",nation,E92000001,England,4257
"2020-03-20",nation,E92000001,England,3384
"2020-03-19",nation,E92000001,England,2756
"2020-03-18",nation,E92000001,England,2182
"2020-03-17",nation,E92000001,England,1557
"2020-03-16",nation,E92000001,England,1196
"2020-03-15",nation,E92000001,England,1099
"2020-03-14",nation,E92000001,England,846
"2020-03-13",nation,E92000001,England,645
"2020-03-12",nation,E92000001,England,486
"2020-03-11",nation,E92000001,England,387
"2020-03-10",nation,E92000001,England,324
"2020-03-09",nation,E92000001,England,282
"2020-03-08",nation,E92000001,England,241
"2020-03-07",nation,E92000001,England,183
"2020-03-06",nation,E92000001,England,144
"2020-03-05",nation,E92000001,England,105
"2020-03-04",nation,E92000001,England,80
"2020-03-03",nation,E92000001,England,48
"2020-03-02",nation,E92000001,England,37
"2020-03-01",nation,E92000001,England,33
"2020-02-29",nation,E92000001,England,21
"2020-02-28",nation,E92000001,England,18
"2020-02-27",nation,E92000001,England,13
"2020-02-26",nation,E92000001,England,13
"2020-02-25",nation,E92000001,England,13
"2020-02-24",nation,E92000001,England,13
"2020-02-23",nation,E92000001,England,9
"2020-02-22",nation,E92000001,England,9
"2020-02-21",nation,E92000001,England,9
"2020-02-20",nation,E92000001,England,9
"2020-02-19",nation,E92000001,England,9
"2020-02-18",nation,E92000001,England,9
"2020-02-17",nation,E92000001,England,9
"2020-02-16",nation,E92000001,England,9
"2020-02-15",nation,E92000001,England,9
"2020-02-14",nation,E92000001,England,9
"2020-02-13",nation,E92000001,England,9
"2020-02-12",nation,E92000001,England,8
"2020-02-11",nation,E92000001,England,8
"2020-02-10",nation,E92000001,England,8
"2020-02-09",nation,E92000001,England,4
"2020-02-08",nation,E92000001,England,3
"2020-02-07",nation,E92000001,England,3
"2020-02-06",nation,E92000001,England,3
"2020-02-05",nation,E92000001,England,2
"2020-02-04",nation,E92000001,England,2
"2020-02-03",nation,E92000001,England,2
"2020-02-02",nation,E92000001,England,2
"2020-02-01",nation,E92000001,England,2
"2020-01-31",nation,E92000001,England,2
"2021-01-07",nation,S92000003,Scotland,143715
"2021-01-06",nation,S92000003,Scotland,141066
"2021-01-05",nation,S92000003,Scotland,139027
"2021-01-04",nation,S92000003,Scotland,136498
"2021-01-03",nation,S92000003,Scotland,134593
"2021-01-02",nation,S92000003,Scotland,132129
"2021-01-01",nation,S92000003,Scotland,129992
"2020-12-31",nation,S92000003,Scotland,127453
"2020-12-30",nation,S92000003,Scotland,124831
"2020-12-29",nation,S92000003,Scotland,122786
"2020-12-28",nation,S92000003,Scotland,120891
"2020-12-27",nation,S92000003,Scotland,119924
"2020-12-26",nation,S92000003,Scotland,119184
"2020-12-25",nation,S92000003,Scotland,118035
"2020-12-24",nation,S92000003,Scotland,116870
"2020-12-23",nation,S92000003,Scotland,115556
"2020-12-22",nation,S92000003,Scotland,114366
"2020-12-21",nation,S92000003,Scotland,113050
"2020-12-20",nation,S92000003,Scotland,111546
"2020-12-19",nation,S92000003,Scotland,110612
"2020-12-18",nation,S92000003,Scotland,110040
"2020-12-17",nation,S92000003,Scotland,109296
"2020-12-16",nation,S92000003,Scotland,108438
"2020-12-15",nation,S92000003,Scotland,107749
"2020-12-14",nation,S92000003,Scotland,106904
"2020-12-13",nation,S92000003,Scotland,106170
"2020-12-12",nation,S92000003,Scotland,105370
"2020-12-11",nation,S92000003,Scotland,104306
"2020-12-10",nation,S92000003,Scotland,103305
"2020-12-09",nation,S92000003,Scotland,102372
"2020-12-08",nation,S92000003,Scotland,101475
"2020-12-07",nation,S92000003,Scotland,100783
"2020-12-06",nation,S92000003,Scotland,100106
"2020-12-05",nation,S92000003,Scotland,99463
"2020-12-04",nation,S92000003,Scotland,98686
"2020-12-03",nation,S92000003,Scotland,97720
"2020-12-02",nation,S92000003,Scotland,96762
"2020-12-01",nation,S92000003,Scotland,95811
"2020-11-30",nation,S92000003,Scotland,95058
"2020-11-29",nation,S92000003,Scotland,94689
"2020-11-28",nation,S92000003,Scotland,93943
"2020-11-27",nation,S92000003,Scotland,93155
"2020-11-26",nation,S92000003,Scotland,92186
"2020-11-25",nation,S92000003,Scotland,90961
"2020-11-24",nation,S92000003,Scotland,90081
"2020-11-23",nation,S92000003,Scotland,89310
"2020-11-22",nation,S92000003,Scotland,88361
"2020-11-21",nation,S92000003,Scotland,87517
"2020-11-20",nation,S92000003,Scotland,86630
"2020-11-19",nation,S92000003,Scotland,85612
"2020-11-18",nation,S92000003,Scotland,84523
"2020-11-17",nation,S92000003,Scotland,83259
"2020-11-16",nation,S92000003,Scotland,82011
"2020-11-15",nation,S92000003,Scotland,81294
"2020-11-14",nation,S92000003,Scotland,80135
"2020-11-13",nation,S92000003,Scotland,79017
"2020-11-12",nation,S92000003,Scotland,77660
"2020-11-11",nation,S92000003,Scotland,76448
"2020-11-10",nation,S92000003,Scotland,75187
"2020-11-09",nation,S92000003,Scotland,74355
"2020-11-08",nation,S92000003,Scotland,73443
"2020-11-07",nation,S92000003,Scotland,72328
"2020-11-06",nation,S92000003,Scotland,70732
"2020-11-05",nation,S92000003,Scotland,69660
"2020-11-04",nation,S92000003,Scotland,68444
"2020-11-03",nation,S92000003,Scotland,67011
"2020-11-02",nation,S92000003,Scotland,66012
"2020-11-01",nation,S92000003,Scotland,65061
"2020-10-31",nation,S92000003,Scotland,63913
"2020-10-30",nation,S92000003,Scotland,62812
"2020-10-29",nation,S92000003,Scotland,61531
"2020-10-28",nation,S92000003,Scotland,60403
"2020-10-27",nation,S92000003,Scotland,59201
"2020-10-26",nation,S92000003,Scotland,57874
"2020-10-25",nation,S92000003,Scotland,56752
"2020-10-24",nation,S92000003,Scotland,55449
"2020-10-23",nation,S92000003,Scotland,54016
"2020-10-22",nation,S92000003,Scotland,52615
"2020-10-21",nation,S92000003,Scotland,50903
"2020-10-20",nation,S92000003,Scotland,49164
"2020-10-19",nation,S92000003,Scotland,47708
"2020-10-18",nation,S92000003,Scotland,46715
"2020-10-17",nation,S92000003,Scotland,46399
"2020-10-16",nation,S92000003,Scotland,45232
"2020-10-15",nation,S92000003,Scotland,44036
"2020-10-14",nation,S92000003,Scotland,42685
"2020-10-13",nation,S92000003,Scotland,41256
"2020-10-12",nation,S92000003,Scotland,39959
"2020-10-11",nation,S92000003,Scotland,38998
"2020-10-10",nation,S92000003,Scotland,38042
"2020-10-09",nation,S92000003,Scotland,37033
"2020-10-08",nation,S92000003,Scotland,35787
"2020-10-07",nation,S92000003,Scotland,34760
"2020-10-06",nation,S92000003,Scotland,33706
"2020-10-05",nation,S92000003,Scotland,32906
"2020-10-04",nation,S92000003,Scotland,32209
"2020-10-03",nation,S92000003,Scotland,31451
"2020-10-02",nation,S92000003,Scotland,30687
"2020-10-01",nation,S92000003,Scotland,29912
"2020-09-30",nation,S92000003,Scotland,29244
"2020-09-29",nation,S92000003,Scotland,28604
"2020-09-28",nation,S92000003,Scotland,27798
"2020-09-27",nation,S92000003,Scotland,27576
"2020-09-26",nation,S92000003,Scotland,27232
"2020-09-25",nation,S92000003,Scotland,26518
"2020-09-24",nation,S92000003,Scotland,25960
"2020-09-23",nation,S92000003,Scotland,25495
"2020-09-22",nation,S92000003,Scotland,25009
"2020-09-21",nation,S92000003,Scotland,24626
"2020-09-20",nation,S92000003,Scotland,24371
"2020-09-19",nation,S92000003,Scotland,24126
"2020-09-18",nation,S92000003,Scotland,23776
"2020-09-17",nation,S92000003,Scotland,23573
"2020-09-16",nation,S92000003,Scotland,23283
"2020-09-15",nation,S92000003,Scotland,23016
"2020-09-14",nation,S92000003,Scotland,22749
"2020-09-13",nation,S92000003,Scotland,22679
"2020-09-12",nation,S92000003,Scotland,22435
"2020-09-11",nation,S92000003,Scotland,22214
"2020-09-10",nation,S92000003,Scotland,22039
"2020-09-09",nation,S92000003,Scotland,21878
"2020-09-08",nation,S92000003,Scotland,21719
"2020-09-07",nation,S92000003,Scotland,21543
"2020-09-06",nation,S92000003,Scotland,21397
"2020-09-05",nation,S92000003,Scotland,21189
"2020-09-04",nation,S92000003,Scotland,21048
"2020-09-03",nation,S92000003,Scotland,20889
"2020-09-02",nation,S92000003,Scotland,20788
"2020-09-01",nation,S92000003,Scotland,20632
"2020-08-31",nation,S92000003,Scotland,20478
"2020-08-30",nation,S92000003,Scotland,20318
"2020-08-29",nation,S92000003,Scotland,20195
"2020-08-28",nation,S92000003,Scotland,20107
"2020-08-27",nation,S92000003,Scotland,20056
"2020-08-26",nation,S92000003,Scotland,19988
"2020-08-25",nation,S92000003,Scotland,19921
"2020-08-24",nation,S92000003,Scotland,19877
"2020-08-23",nation,S92000003,Scotland,19811
"2020-08-22",nation,S92000003,Scotland,19728
"2020-08-21",nation,S92000003,Scotland,19605
"2020-08-20",nation,S92000003,Scotland,19534
"2020-08-19",nation,S92000003,Scotland,19457
"2020-08-18",nation,S92000003,Scotland,19407
"2020-08-17",nation,S92000003,Scotland,19358
"2020-08-16",nation,S92000003,Scotland,19332
"2020-08-15",nation,S92000003,Scotland,19289
"2020-08-14",nation,S92000003,Scotland,19238
"2020-08-13",nation,S92000003,Scotland,19173
"2020-08-12",nation,S92000003,Scotland,19126
"2020-08-11",nation,S92000003,Scotland,19079
"2020-08-10",nation,S92000003,Scotland,19027
"2020-08-09",nation,S92000003,Scotland,18998
"2020-08-08",nation,S92000003,Scotland,18950
"2020-08-07",nation,S92000003,Scotland,18890
"2020-08-06",nation,S92000003,Scotland,18847
"2020-08-05",nation,S92000003,Scotland,18781
"2020-08-04",nation,S92000003,Scotland,18717
"2020-08-03",nation,S92000003,Scotland,18694
"2020-08-02",nation,S92000003,Scotland,18676
"2020-08-01",nation,S92000003,Scotland,18645
"2020-07-31",nation,S92000003,Scotland,18627
"2020-07-30",nation,S92000003,Scotland,18597
"2020-07-29",nation,S92000003,Scotland,18580
"2020-07-28",nation,S92000003,Scotland,18558
"2020-07-27",nation,S92000003,Scotland,18554
"2020-07-26",nation,S92000003,Scotland,18551
"2020-07-25",nation,S92000003,Scotland,18547
"2020-07-24",nation,S92000003,Scotland,18520
"2020-07-23",nation,S92000003,Scotland,18500
"2020-07-22",nation,S92000003,Scotland,18484
"2020-07-21",nation,S92000003,Scotland,18474
"2020-07-20",nation,S92000003,Scotland,18452
"2020-07-19",nation,S92000003,Scotland,18445
"2020-07-18",nation,S92000003,Scotland,18422
"2020-07-17",nation,S92000003,Scotland,18401
"2020-07-16",nation,S92000003,Scotland,18384
"2020-07-15",nation,S92000003,Scotland,18373
"2020-07-14",nation,S92000003,Scotland,18368
"2020-07-13",nation,S92000003,Scotland,18365
"2020-07-12",nation,S92000003,Scotland,18359
"2020-07-11",nation,S92000003,Scotland,18340
"2020-07-10",nation,S92000003,Scotland,18333
"2020-07-09",nation,S92000003,Scotland,18315
"2020-07-08",nation,S92000003,Scotland,18309
"2020-07-07",nation,S92000003,Scotland,18302
"2020-07-06",nation,S92000003,Scotland,18300
"2020-07-05",nation,S92000003,Scotland,18296
"2020-07-04",nation,S92000003,Scotland,18287
"2020-07-03",nation,S92000003,Scotland,18276
"2020-07-02",nation,S92000003,Scotland,18264
"2020-07-01",nation,S92000003,Scotland,18259
"2020-06-30",nation,S92000003,Scotland,18251
"2020-06-29",nation,S92000003,Scotland,18241
"2020-06-28",nation,S92000003,Scotland,18236
"2020-06-27",nation,S92000003,Scotland,18228
"2020-06-26",nation,S92000003,Scotland,18213
"2020-06-25",nation,S92000003,Scotland,18196
"2020-06-24",nation,S92000003,Scotland,18191
"2020-06-23",nation,S92000003,Scotland,18182
"2020-06-22",nation,S92000003,Scotland,18170
"2020-06-21",nation,S92000003,Scotland,18156
"2020-06-20",nation,S92000003,Scotland,18130
"2020-06-19",nation,S92000003,Scotland,18104
"2020-06-18",nation,S92000003,Scotland,18077
"2020-06-17",nation,S92000003,Scotland,18066
"2020-06-16",nation,S92000003,Scotland,18045
"2020-06-15",nation,S92000003,Scotland,18030
"2020-06-14",nation,S92000003,Scotland,15755
"2020-06-13",nation,S92000003,Scotland,15730
"2020-06-12",nation,S92000003,Scotland,15709
"2020-06-11",nation,S92000003,Scotland,15682
"2020-06-10",nation,S92000003,Scotland,15665
"2020-06-09",nation,S92000003,Scotland,15653
"2020-06-08",nation,S92000003,Scotland,15639
"2020-06-07",nation,S92000003,Scotland,15621
"2020-06-06",nation,S92000003,Scotland,15603
"2020-06-05",nation,S92000003,Scotland,15582
"2020-06-04",nation,S92000003,Scotland,15553
"2020-06-03",nation,S92000003,Scotland,15504
"2020-06-02",nation,S92000003,Scotland,15471
"2020-06-01",nation,S92000003,Scotland,15418
"2020-05-31",nation,S92000003,Scotland,15400
"2020-05-30",nation,S92000003,Scotland,15382
"2020-05-29",nation,S92000003,Scotland,15327
"2020-05-28",nation,S92000003,Scotland,15288
"2020-05-27",nation,S92000003,Scotland,15240
"2020-05-26",nation,S92000003,Scotland,15185
"2020-05-25",nation,S92000003,Scotland,15156
"2020-05-24",nation,S92000003,Scotland,15101
"2020-05-23",nation,S92000003,Scotland,15041
"2020-05-22",nation,S92000003,Scotland,14969
"2020-05-21",nation,S92000003,Scotland,14856
"2020-05-20",nation,S92000003,Scotland,14751
"2020-05-19",nation,S92000003,Scotland,14655
"2020-05-18",nation,S92000003,Scotland,14594
"2020-05-17",nation,S92000003,Scotland,14537
"2020-05-16",nation,S92000003,Scotland,14447
"2020-05-15",nation,S92000003,Scotland,14260
"2020-05-14",nation,S92000003,Scotland,14117
"2020-05-13",nation,S92000003,Scotland,13929
"2020-05-12",nation,S92000003,Scotland,13763
"2020-05-11",nation,S92000003,Scotland,13627
"2020-05-10",nation,S92000003,Scotland,13486
"2021-01-07",nation,N92000002,Northern Ireland,84646
"2021-01-06",nation,N92000002,Northern Ireland,83236
"2021-01-05",nation,N92000002,Northern Ireland,81251
"2021-01-04",nation,N92000002,Northern Ireland,79873
"2021-01-03",nation,N92000002,Northern Ireland,78072
"2021-01-02",nation,N92000002,Northern Ireland,76410
"2020-05-09",nation,S92000003,Scotland,13305
"2020-05-08",nation,S92000003,Scotland,13149
"2021-01-01",nation,N92000002,Northern Ireland,72834
"2020-12-31",nation,N92000002,Northern Ireland,72834
"2020-12-30",nation,N92000002,Northern Ireland,70905
"2020-12-29",nation,N92000002,Northern Ireland,68762
"2020-12-28",nation,N92000002,Northern Ireland,67196
"2020-12-27",nation,N92000002,Northern Ireland,65562
"2020-12-26",nation,N92000002,Northern Ireland,65562
"2020-12-25",nation,N92000002,Northern Ireland,64564
"2020-12-24",nation,N92000002,Northern Ireland,64564
"2020-12-23",nation,N92000002,Northern Ireland,63723
"2020-12-22",nation,N92000002,Northern Ireland,62936
"2020-12-21",nation,N92000002,Northern Ireland,62497
"2020-05-07",nation,S92000003,Scotland,12924
"2020-05-06",nation,S92000003,Scotland,12709
"2020-05-05",nation,S92000003,Scotland,12437
"2020-05-04",nation,S92000003,Scotland,12266
"2020-05-03",nation,S92000003,Scotland,12097
"2020-12-20",nation,N92000002,Northern Ireland,61942
"2020-05-02",nation,S92000003,Scotland,11927
"2020-05-01",nation,S92000003,Scotland,11654
"2020-04-30",nation,S92000003,Scotland,11353
"2020-04-29",nation,S92000003,Scotland,11034
"2020-04-28",nation,S92000003,Scotland,10721
"2020-04-27",nation,S92000003,Scotland,10521
"2020-04-26",nation,S92000003,Scotland,10324
"2021-01-07",nation,W92000004,Wales,163234
"2021-01-06",nation,W92000004,Wales,161516
"2020-12-19",nation,N92000002,Northern Ireland,61437
"2020-12-18",nation,N92000002,Northern Ireland,60797
"2020-12-17",nation,N92000002,Northern Ireland,60287
"2020-12-16",nation,N92000002,Northern Ireland,59631
"2020-12-15",nation,N92000002,Northern Ireland,59121
"2020-12-14",nation,N92000002,Northern Ireland,58635
"2020-04-25",nation,S92000003,Scotland,10051
"2020-04-24",nation,S92000003,Scotland,9697
"2020-04-23",nation,S92000003,Scotland,9409
"2020-04-22",nation,S92000003,Scotland,9038
"2020-04-21",nation,S92000003,Scotland,8672
"2020-04-20",nation,S92000003,Scotland,8450
"2020-04-19",nation,S92000003,Scotland,8187
"2021-01-05",nation,W92000004,Wales,159278
"2021-01-04",nation,W92000004,Wales,157209
"2021-01-03",nation,W92000004,Wales,155311
"2021-01-02",nation,W92000004,Wales,151300
"2020-12-13",nation,N92000002,Northern Ireland,58216
"2020-12-12",nation,N92000002,Northern Ireland,57733
"2020-12-11",nation,N92000002,Northern Ireland,57257
"2021-01-01",nation,W92000004,Wales,148537
"2020-04-18",nation,S92000003,Scotland,7820
"2020-12-31",nation,W92000004,Wales,148537
"2020-12-30",nation,W92000004,Wales,146706
"2020-12-29",nation,W92000004,Wales,144425
"2020-12-28",nation,W92000004,Wales,141915
"2020-12-27",nation,W92000004,Wales,139642
"2020-12-26",nation,W92000004,Wales,135500
"2020-12-25",nation,W92000004,Wales,133263
"2020-12-24",nation,W92000004,Wales,133263
"2020-12-23",nation,W92000004,Wales,131102
"2020-12-10",nation,N92000002,Northern Ireland,56719
"2020-12-09",nation,N92000002,Northern Ireland,56278
"2020-04-17",nation,S92000003,Scotland,7409
"2020-04-16",nation,S92000003,Scotland,7102
"2020-04-15",nation,S92000003,Scotland,6748
"2020-04-14",nation,S92000003,Scotland,6358
"2020-04-13",nation,S92000003,Scotland,6067
"2020-04-12",nation,S92000003,Scotland,5912
"2020-04-11",nation,S92000003,Scotland,5590
"2020-04-10",nation,S92000003,Scotland,5275
"2020-04-09",nation,S92000003,Scotland,4957
"2020-12-22",nation,W92000004,Wales,128089
"2020-12-21",nation,W92000004,Wales,125329
"2020-12-20",nation,W92000004,Wales,122766
"2020-12-08",nation,N92000002,Northern Ireland,55795
"2020-12-07",nation,N92000002,Northern Ireland,55444
"2020-12-06",nation,N92000002,Northern Ireland,55047
"2020-04-08",nation,S92000003,Scotland,4565
"2020-12-19",nation,W92000004,Wales,120432
"2020-04-07",nation,S92000003,Scotland,4229
"2020-04-06",nation,S92000003,Scotland,3961
"2020-12-18",nation,W92000004,Wales,117367
"2020-12-17",nation,W92000004,Wales,114566
"2020-04-05",nation,S92000003,Scotland,3706
"2020-12-16",nation,W92000004,Wales,103098
"2020-12-15",nation,W92000004,Wales,102568
"2020-12-14",nation,W92000004,Wales,101953
"2020-12-13",nation,W92000004,Wales,100725
"2020-04-04",nation,S92000003,Scotland,3345
"2020-04-03",nation,S92000003,Scotland,3001
"2020-04-02",nation,S92000003,Scotland,2602
"2020-04-01",nation,S92000003,Scotland,2310
"2020-12-12",nation,W92000004,Wales,100725
"2020-12-05",nation,N92000002,Northern Ireland,54628
"2020-12-04",nation,N92000002,Northern Ireland,54177
"2020-12-03",nation,N92000002,Northern Ireland,53728
"2020-12-02",nation,N92000002,Northern Ireland,53272
"2020-12-11",nation,W92000004,Wales,98232
"2020-12-01",nation,N92000002,Northern Ireland,52856
"2020-12-10",nation,W92000004,Wales,95998
"2020-12-09",nation,W92000004,Wales,94030
"2020-12-08",nation,W92000004,Wales,91792
"2020-03-31",nation,S92000003,Scotland,1993
"2020-03-30",nation,S92000003,Scotland,1563
"2020-03-29",nation,S92000003,Scotland,1384
"2020-03-28",nation,S92000003,Scotland,1245
"2020-03-27",nation,S92000003,Scotland,1059
"2020-11-30",nation,N92000002,Northern Ireland,52465
"2020-12-07",nation,W92000004,Wales,91013
"2020-11-29",nation,N92000002,Northern Ireland,52175
"2020-03-26",nation,S92000003,Scotland,894
"2020-11-28",nation,N92000002,Northern Ireland,51824
"2020-03-25",nation,S92000003,Scotland,719
"2020-03-24",nation,S92000003,Scotland,584
"2020-03-23",nation,S92000003,Scotland,499
"2020-03-22",nation,S92000003,Scotland,416
"2020-03-21",nation,S92000003,Scotland,373
"2020-03-20",nation,S92000003,Scotland,322
"2020-03-19",nation,S92000003,Scotland,266
"2020-03-18",nation,S92000003,Scotland,227
"2020-03-17",nation,S92000003,Scotland,195
"2020-03-16",nation,S92000003,Scotland,171
"2020-03-15",nation,S92000003,Scotland,153
"2020-12-06",nation,W92000004,Wales,88992
"2020-03-14",nation,S92000003,Scotland,121
"2020-12-05",nation,W92000004,Wales,87077
"2020-03-13",nation,S92000003,Scotland,85
"2020-03-12",nation,S92000003,Scotland,60
"2020-03-11",nation,S92000003,Scotland,36
"2020-03-10",nation,S92000003,Scotland,27
"2020-12-04",nation,W92000004,Wales,85432
"2020-12-03",nation,W92000004,Wales,83961
"2020-12-02",nation,W92000004,Wales,82489
"2020-03-09",nation,S92000003,Scotland,23
"2020-03-08",nation,S92000003,Scotland,18
"2020-11-27",nation,N92000002,Northern Ireland,51509
"2020-11-26",nation,N92000002,Northern Ireland,51118
"2020-03-07",nation,S92000003,Scotland,16
"2020-11-25",nation,N92000002,Northern Ireland,50676
"2020-03-06",nation,S92000003,Scotland,11
"2020-11-24",nation,N92000002,Northern Ireland,50143
"2020-11-23",nation,N92000002,Northern Ireland,50064
"2020-11-22",nation,N92000002,Northern Ireland,49784
"2020-12-01",nation,W92000004,Wales,81009
"2020-03-05",nation,S92000003,Scotland,6
"2020-11-30",nation,W92000004,Wales,80342
"2020-03-04",nation,S92000003,Scotland,3
"2020-11-21",nation,N92000002,Northern Ireland,49442
"2020-11-29",nation,W92000004,Wales,79540
"2020-11-28",nation,W92000004,Wales,78536
"2020-11-27",nation,W92000004,Wales,77091
"2020-11-26",nation,W92000004,Wales,75986
"2020-03-03",nation,S92000003,Scotland,1
"2020-03-02",nation,S92000003,Scotland,1
"2020-11-20",nation,N92000002,Northern Ireland,49085
"2020-11-19",nation,N92000002,Northern Ireland,48716
"2020-11-18",nation,N92000002,Northern Ireland,48229
"2020-11-17",nation,N92000002,Northern Ireland,47711
"2020-11-16",nation,N92000002,Northern Ireland,47162
"2020-11-15",nation,N92000002,Northern Ireland,46831
"2020-11-14",nation,N92000002,Northern Ireland,46359
"2020-11-13",nation,N92000002,Northern Ireland,45848
"2020-11-25",nation,W92000004,Wales,74735
"2020-11-12",nation,N92000002,Northern Ireland,45241
"2020-11-24",nation,W92000004,Wales,73828
"2020-11-23",nation,W92000004,Wales,73233
"2020-11-22",nation,W92000004,Wales,72341
"2020-11-21",nation,W92000004,Wales,71533
"2020-11-20",nation,W92000004,Wales,70517
"2020-11-11",nation,N92000002,Northern Ireland,44693
"2020-11-10",nation,N92000002,Northern Ireland,43902
"2020-11-09",nation,N92000002,Northern Ireland,43388
"2020-11-08",nation,N92000002,Northern Ireland,42917
"2020-11-07",nation,N92000002,Northern Ireland,42497
"2020-11-06",nation,N92000002,Northern Ireland,41969
"2020-11-05",nation,N92000002,Northern Ireland,41374
"2020-11-04",nation,N92000002,Northern Ireland,40858
"2020-11-03",nation,N92000002,Northern Ireland,40179
"2020-11-02",nation,N92000002,Northern Ireland,39609
"2020-11-01",nation,N92000002,Northern Ireland,39116
"2020-10-31",nation,N92000002,Northern Ireland,38431
"2020-10-30",nation,N92000002,Northern Ireland,37782
"2020-10-29",nation,N92000002,Northern Ireland,37216
"2020-11-19",nation,W92000004,Wales,69497
"2020-10-28",nation,N92000002,Northern Ireland,36394
"2020-10-27",nation,N92000002,Northern Ireland,35554
"2020-10-26",nation,N92000002,Northern Ireland,34832
"2020-10-25",nation,N92000002,Northern Ireland,34105
"2020-10-24",nation,N92000002,Northern Ireland,33209
"2020-10-23",nation,N92000002,Northern Ireland,32286
"2020-10-22",nation,N92000002,Northern Ireland,31034
"2020-10-21",nation,N92000002,Northern Ireland,29992
"2020-10-20",nation,N92000002,Northern Ireland,28953
"2020-10-19",nation,N92000002,Northern Ireland,28040
"2020-10-18",nation,N92000002,Northern Ireland,27220
"2020-10-17",nation,N92000002,Northern Ireland,26208
"2020-10-16",nation,N92000002,Northern Ireland,25177
"2020-11-18",nation,W92000004,Wales,68449
"2020-10-15",nation,N92000002,Northern Ireland,23878
"2020-10-14",nation,N92000002,Northern Ireland,23115
"2020-10-13",nation,N92000002,Northern Ireland,21898
"2020-10-12",nation,N92000002,Northern Ireland,21035
"2020-10-11",nation,N92000002,Northern Ireland,20158
"2020-10-10",nation,N92000002,Northern Ireland,19092
"2020-11-17",nation,W92000004,Wales,67811
"2020-11-16",nation,W92000004,Wales,67106
"2020-11-15",nation,W92000004,Wales,66214
"2020-10-09",nation,N92000002,Northern Ireland,18190
"2020-10-08",nation,N92000002,Northern Ireland,17110
"2020-10-07",nation,N92000002,Northern Ireland,16187
"2020-10-06",nation,N92000002,Northern Ireland,15359
"2020-10-05",nation,N92000002,Northern Ireland,14690
"2020-11-14",nation,W92000004,Wales,64881
"2020-11-13",nation,W92000004,Wales,63948
"2020-11-12",nation,W92000004,Wales,63151
"2020-10-04",nation,N92000002,Northern Ireland,14074
"2020-10-03",nation,N92000002,Northern Ireland,13612
"2020-10-02",nation,N92000002,Northern Ireland,12886
"2020-10-01",nation,N92000002,Northern Ireland,11952
"2020-09-30",nation,N92000002,Northern Ireland,11693
"2020-09-29",nation,N92000002,Northern Ireland,11269
"2020-09-28",nation,N92000002,Northern Ireland,10949
"2020-09-27",nation,N92000002,Northern Ireland,10729
"2020-09-26",nation,N92000002,Northern Ireland,10542
"2020-09-25",nation,N92000002,Northern Ireland,10223
"2020-11-11",nation,W92000004,Wales,62284
"2020-09-24",nation,N92000002,Northern Ireland,9950
"2020-09-23",nation,N92000002,Northern Ireland,9761
"2020-09-22",nation,N92000002,Northern Ireland,9541
"2020-09-21",nation,N92000002,Northern Ireland,9466
"2020-09-20",nation,N92000002,Northern Ireland,9341
"2020-09-19",nation,N92000002,Northern Ireland,9165
"2020-09-18",nation,N92000002,Northern Ireland,8943
"2020-09-17",nation,N92000002,Northern Ireland,8780
"2020-09-16",nation,N92000002,Northern Ireland,8631
"2020-11-10",nation,W92000004,Wales,61356
"2020-11-09",nation,W92000004,Wales,60912
"2020-09-15",nation,N92000002,Northern Ireland,8502
"2020-09-14",nation,N92000002,Northern Ireland,8423
"2020-09-13",nation,N92000002,Northern Ireland,8314
"2020-09-12",nation,N92000002,Northern Ireland,8227
"2020-11-08",nation,W92000004,Wales,59981
"2020-11-07",nation,W92000004,Wales,59237
"2020-09-11",nation,N92000002,Northern Ireland,8123
"2020-09-10",nation,N92000002,Northern Ireland,8035
"2020-11-06",nation,W92000004,Wales,58279
"2020-11-05",nation,W92000004,Wales,56927
"2020-11-04",nation,W92000004,Wales,55658
"2020-11-03",nation,W92000004,Wales,54456
"2020-09-09",nation,N92000002,Northern Ireland,7957
"2020-09-08",nation,N92000002,Northern Ireland,7908
"2020-11-02",nation,W92000004,Wales,53337
"2020-11-01",nation,W92000004,Wales,51691
"2020-10-31",nation,W92000004,Wales,50872
"2020-09-07",nation,N92000002,Northern Ireland,7868
"2020-09-06",nation,N92000002,Northern Ireland,7727
"2020-09-05",nation,N92000002,Northern Ireland,7621
"2020-09-04",nation,N92000002,Northern Ireland,7503
"2020-10-30",nation,W92000004,Wales,49571
"2020-10-29",nation,W92000004,Wales,47834
"2020-09-03",nation,N92000002,Northern Ireland,7442
"2020-09-02",nation,N92000002,Northern Ireland,7365
"2020-09-01",nation,N92000002,Northern Ireland,7294
"2020-08-31",nation,N92000002,Northern Ireland,7245
"2020-10-28",nation,W92000004,Wales,46459
"2020-10-27",nation,W92000004,Wales,45046
"2020-10-26",nation,W92000004,Wales,43839
"2020-10-25",nation,W92000004,Wales,42681
"2020-08-30",nation,N92000002,Northern Ireland,7187
"2020-08-29",nation,N92000002,Northern Ireland,7138
"2020-10-24",nation,W92000004,Wales,41577
"2020-10-23",nation,W92000004,Wales,40253
"2020-10-22",nation,W92000004,Wales,39491
"2020-10-21",nation,W92000004,Wales,38361
"2020-10-20",nation,W92000004,Wales,37400
"2020-10-19",nation,W92000004,Wales,36253
"2020-10-18",nation,W92000004,Wales,35628
"2020-10-17",nation,W92000004,Wales,34679
"2020-10-16",nation,W92000004,Wales,34005
"2020-10-15",nation,W92000004,Wales,33041
"2020-08-28",nation,N92000002,Northern Ireland,7049
"2020-08-27",nation,N92000002,Northern Ireland,6964
"2020-08-26",nation,N92000002,Northern Ireland,6895
"2020-08-25",nation,N92000002,Northern Ireland,6823
"2020-08-24",nation,N92000002,Northern Ireland,6776
"2020-08-23",nation,N92000002,Northern Ireland,6766
"2020-08-22",nation,N92000002,Northern Ireland,6647
"2020-08-21",nation,N92000002,Northern Ireland,6576
"2020-08-20",nation,N92000002,Northern Ireland,6556
"2020-10-14",nation,W92000004,Wales,32316
"2020-10-13",nation,W92000004,Wales,31370
"2020-10-12",nation,W92000004,Wales,30608
"2020-10-11",nation,W92000004,Wales,30121
"2020-10-10",nation,W92000004,Wales,29654
"2020-10-09",nation,W92000004,Wales,29028
"2020-10-08",nation,W92000004,Wales,28262
"2020-10-07",nation,W92000004,Wales,27624
"2020-10-06",nation,W92000004,Wales,26872
"2020-10-05",nation,W92000004,Wales,26447
"2020-10-04",nation,W92000004,Wales,25852
"2020-08-19",nation,N92000002,Northern Ireland,6505
"2020-08-18",nation,N92000002,Northern Ireland,6471
"2020-08-17",nation,N92000002,Northern Ireland,6430
"2020-08-16",nation,N92000002,Northern Ireland,6391
"2020-10-03",nation,W92000004,Wales,25420
"2020-10-02",nation,W92000004,Wales,24845
"2020-10-01",nation,W92000004,Wales,24383
"2020-09-30",nation,W92000004,Wales,23985
"2020-08-15",nation,N92000002,Northern Ireland,6364
"2020-09-29",nation,W92000004,Wales,23597
"2020-09-28",nation,W92000004,Wales,23231
"2020-09-27",nation,W92000004,Wales,22945
"2020-09-26",nation,W92000004,Wales,22584
"2020-09-25",nation,W92000004,Wales,22215
"2020-09-24",nation,W92000004,Wales,21896
"2020-08-14",nation,N92000002,Northern Ireland,6299
"2020-08-13",nation,N92000002,Northern Ireland,6225
"2020-08-12",nation,N92000002,Northern Ireland,6217
"2020-08-11",nation,N92000002,Northern Ireland,6188
"2020-09-23",nation,W92000004,Wales,21548
"2020-09-22",nation,W92000004,Wales,21159
"2020-09-21",nation,W92000004,Wales,20878
"2020-08-10",nation,N92000002,Northern Ireland,6140
"2020-09-20",nation,W92000004,Wales,20644
"2020-09-19",nation,W92000004,Wales,20445
"2020-08-09",nation,N92000002,Northern Ireland,6064
"2020-08-08",nation,N92000002,Northern Ireland,6064
"2020-08-07",nation,N92000002,Northern Ireland,6064
"2020-08-06",nation,N92000002,Northern Ireland,6049
"2020-08-05",nation,N92000002,Northern Ireland,6006
"2020-08-04",nation,N92000002,Northern Ireland,5996
"2020-09-18",nation,W92000004,Wales,20233
"2020-09-17",nation,W92000004,Wales,20048
"2020-09-16",nation,W92000004,Wales,19880
"2020-09-15",nation,W92000004,Wales,19681
"2020-08-03",nation,N92000002,Northern Ireland,5988
"2020-08-02",nation,N92000002,Northern Ireland,5948
"2020-08-01",nation,N92000002,Northern Ireland,5948
"2020-07-31",nation,N92000002,Northern Ireland,5948
"2020-07-30",nation,N92000002,Northern Ireland,5938
"2020-07-29",nation,N92000002,Northern Ireland,5930
"2020-07-28",nation,N92000002,Northern Ireland,5921
"2020-07-27",nation,N92000002,Northern Ireland,5912
"2020-07-26",nation,N92000002,Northern Ireland,5891
"2020-07-25",nation,N92000002,Northern Ireland,5891
"2020-07-24",nation,N92000002,Northern Ireland,5891
"2020-07-23",nation,N92000002,Northern Ireland,5876
"2020-07-22",nation,N92000002,Northern Ireland,5868
"2020-09-14",nation,W92000004,Wales,19573
"2020-09-13",nation,W92000004,Wales,19390
"2020-09-12",nation,W92000004,Wales,19228
"2020-09-11",nation,W92000004,Wales,19064
"2020-09-10",nation,W92000004,Wales,18931
"2020-07-21",nation,N92000002,Northern Ireland,5859
"2020-07-20",nation,N92000002,Northern Ireland,5857
"2020-07-19",nation,N92000002,Northern Ireland,5834
"2020-09-09",nation,W92000004,Wales,18829
"2020-09-08",nation,W92000004,Wales,18664
"2020-09-07",nation,W92000004,Wales,18514
"2020-09-06",nation,W92000004,Wales,18381
"2020-09-05",nation,W92000004,Wales,18283
"2020-07-18",nation,N92000002,Northern Ireland,5834
"2020-07-17",nation,N92000002,Northern Ireland,5834
"2020-07-16",nation,N92000002,Northern Ireland,5815
"2020-07-15",nation,N92000002,Northern Ireland,5799
"2020-07-14",nation,N92000002,Northern Ireland,5790
"2020-09-04",nation,W92000004,Wales,18206
"2020-09-03",nation,W92000004,Wales,18155
"2020-09-02",nation,W92000004,Wales,18105
"2020-09-01",nation,W92000004,Wales,18063
"2020-08-31",nation,W92000004,Wales,18012
"2020-08-30",nation,W92000004,Wales,17973
"2020-08-29",nation,W92000004,Wales,17917
"2020-08-28",nation,W92000004,Wales,17877
"2020-08-27",nation,W92000004,Wales,17843
"2020-07-13",nation,N92000002,Northern Ireland,5788
"2020-07-12",nation,N92000002,Northern Ireland,5772
"2020-08-26",nation,W92000004,Wales,17808
"2020-07-11",nation,N92000002,Northern Ireland,5772
"2020-08-25",nation,W92000004,Wales,17774
"2020-08-24",nation,W92000004,Wales,17746
"2020-08-23",nation,W92000004,Wales,17727
"2020-08-22",nation,W92000004,Wales,17707
"2020-08-21",nation,W92000004,Wales,17673
"2020-08-20",nation,W92000004,Wales,17639
"2020-08-19",nation,W92000004,Wales,17620
"2020-08-18",nation,W92000004,Wales,17599
"2020-08-17",nation,W92000004,Wales,17575
"2020-08-16",nation,W92000004,Wales,17561
"2020-08-15",nation,W92000004,Wales,17543
"2020-07-10",nation,N92000002,Northern Ireland,5772
"2020-07-09",nation,N92000002,Northern Ireland,5768
"2020-07-08",nation,N92000002,Northern Ireland,5765
"2020-07-07",nation,N92000002,Northern Ireland,5761
"2020-07-06",nation,N92000002,Northern Ireland,5756
"2020-07-05",nation,N92000002,Northern Ireland,5747
"2020-07-04",nation,N92000002,Northern Ireland,5747
"2020-07-03",nation,N92000002,Northern Ireland,5747
"2020-07-02",nation,N92000002,Northern Ireland,5768
"2020-07-01",nation,N92000002,Northern Ireland,5761
"2020-08-14",nation,W92000004,Wales,17516
"2020-08-13",nation,W92000004,Wales,17499
"2020-06-30",nation,N92000002,Northern Ireland,5760
"2020-06-29",nation,N92000002,Northern Ireland,5757
"2020-06-28",nation,N92000002,Northern Ireland,5751
"2020-06-27",nation,N92000002,Northern Ireland,5750
"2020-08-12",nation,W92000004,Wales,17484
"2020-06-26",nation,N92000002,Northern Ireland,5748
"2020-06-25",nation,N92000002,Northern Ireland,4874
"2020-06-24",nation,N92000002,Northern Ireland,4873
"2020-06-23",nation,N92000002,Northern Ireland,4871
"2020-06-22",nation,N92000002,Northern Ireland,4871
"2020-06-21",nation,N92000002,Northern Ireland,4870
"2020-06-20",nation,N92000002,Northern Ireland,4866
"2020-06-19",nation,N92000002,Northern Ireland,4866
"2020-08-11",nation,W92000004,Wales,17476
"2020-08-10",nation,W92000004,Wales,17463
"2020-08-09",nation,W92000004,Wales,17451
"2020-06-18",nation,N92000002,Northern Ireland,4863
"2020-06-17",nation,N92000002,Northern Ireland,4862
"2020-08-08",nation,W92000004,Wales,17425
"2020-06-16",nation,N92000002,Northern Ireland,4854
"2020-06-15",nation,N92000002,Northern Ireland,4852
"2020-06-14",nation,N92000002,Northern Ireland,4848
"2020-08-07",nation,W92000004,Wales,17406
"2020-08-06",nation,W92000004,Wales,17389
"2020-08-05",nation,W92000004,Wales,17374
"2020-08-04",nation,W92000004,Wales,17361
"2020-08-03",nation,W92000004,Wales,17339
"2020-08-02",nation,W92000004,Wales,17315
"2020-06-13",nation,N92000002,Northern Ireland,4841
"2020-06-12",nation,N92000002,Northern Ireland,4838
"2020-06-11",nation,N92000002,Northern Ireland,4822
"2020-06-10",nation,N92000002,Northern Ireland,4818
"2020-06-09",nation,N92000002,Northern Ireland,4805
"2020-06-08",nation,N92000002,Northern Ireland,4802
"2020-06-07",nation,N92000002,Northern Ireland,4796
"2020-06-06",nation,N92000002,Northern Ireland,4790
"2020-06-05",nation,N92000002,Northern Ireland,4776
"2020-06-04",nation,N92000002,Northern Ireland,4773
"2020-06-03",nation,N92000002,Northern Ireland,4740
"2020-06-02",nation,N92000002,Northern Ireland,4732
"2020-06-01",nation,N92000002,Northern Ireland,4728
"2020-05-31",nation,N92000002,Northern Ireland,4716
"2020-05-30",nation,N92000002,Northern Ireland,4709
"2020-05-29",nation,N92000002,Northern Ireland,4696
"2020-05-28",nation,N92000002,Northern Ireland,4679
"2020-05-27",nation,N92000002,Northern Ireland,4663
"2020-05-26",nation,N92000002,Northern Ireland,4637
"2020-05-25",nation,N92000002,Northern Ireland,4609
"2020-05-24",nation,N92000002,Northern Ireland,4570
"2020-05-23",nation,N92000002,Northern Ireland,4545
"2020-08-01",nation,W92000004,Wales,17279
"2020-05-22",nation,N92000002,Northern Ireland,4504
"2020-05-21",nation,N92000002,Northern Ireland,4481
"2020-05-20",nation,N92000002,Northern Ireland,4439
"2020-05-19",nation,N92000002,Northern Ireland,4421
"2020-07-31",nation,W92000004,Wales,17258
"2020-05-18",nation,N92000002,Northern Ireland,4401
"2020-05-17",nation,N92000002,Northern Ireland,4385
"2020-05-16",nation,N92000002,Northern Ireland,4357
"2020-05-15",nation,N92000002,Northern Ireland,4317
"2020-05-14",nation,N92000002,Northern Ireland,4291
"2020-05-13",nation,N92000002,Northern Ireland,4253
"2020-05-12",nation,N92000002,Northern Ireland,4193
"2020-05-11",nation,N92000002,Northern Ireland,4149
"2020-07-30",nation,W92000004,Wales,17232
"2020-07-29",nation,W92000004,Wales,17223
"2020-05-10",nation,N92000002,Northern Ireland,4119
"2020-05-09",nation,N92000002,Northern Ireland,4078
"2020-05-08",nation,N92000002,Northern Ireland,4022
"2020-05-07",nation,N92000002,Northern Ireland,3984
"2020-07-28",nation,W92000004,Wales,17191
"2020-05-06",nation,N92000002,Northern Ireland,3934
"2020-05-05",nation,N92000002,Northern Ireland,3881
"2020-05-04",nation,N92000002,Northern Ireland,3836
"2020-05-03",nation,N92000002,Northern Ireland,3767
"2020-07-27",nation,W92000004,Wales,17170
"2020-07-26",nation,W92000004,Wales,17125
"2020-07-25",nation,W92000004,Wales,17105
"2020-07-24",nation,W92000004,Wales,17075
"2020-05-02",nation,N92000002,Northern Ireland,3689
"2020-07-23",nation,W92000004,Wales,17030
"2020-07-22",nation,W92000004,Wales,16987
"2020-07-21",nation,W92000004,Wales,16965
"2020-05-01",nation,N92000002,Northern Ireland,3623
"2020-04-30",nation,N92000002,Northern Ireland,3536
"2020-04-29",nation,N92000002,Northern Ireland,3463
"2020-07-20",nation,W92000004,Wales,16943
"2020-07-19",nation,W92000004,Wales,16928
"2020-07-18",nation,W92000004,Wales,16897
"2020-07-17",nation,W92000004,Wales,16887
"2020-07-16",nation,W92000004,Wales,16871
"2020-07-15",nation,W92000004,Wales,16854
"2020-07-14",nation,W92000004,Wales,16836
"2020-07-13",nation,W92000004,Wales,15973
"2020-07-12",nation,W92000004,Wales,15962
"2020-07-11",nation,W92000004,Wales,15946
"2020-04-28",nation,N92000002,Northern Ireland,3408
"2020-04-27",nation,N92000002,Northern Ireland,3374
"2020-04-26",nation,N92000002,Northern Ireland,3308
"2020-04-25",nation,N92000002,Northern Ireland,3226
"2020-04-24",nation,N92000002,Northern Ireland,3122
"2020-04-23",nation,N92000002,Northern Ireland,3016
"2020-07-10",nation,W92000004,Wales,15939
"2020-07-09",nation,W92000004,Wales,15929
"2020-07-08",nation,W92000004,Wales,15913
"2020-07-07",nation,W92000004,Wales,15900
"2020-07-06",nation,W92000004,Wales,15898
"2020-04-22",nation,N92000002,Northern Ireland,2874
"2020-07-05",nation,W92000004,Wales,15890
"2020-04-21",nation,N92000002,Northern Ireland,2758
"2020-04-20",nation,N92000002,Northern Ireland,2728
"2020-04-19",nation,N92000002,Northern Ireland,2645
"2020-04-18",nation,N92000002,Northern Ireland,2486
"2020-07-04",nation,W92000004,Wales,15875
"2020-07-03",nation,W92000004,Wales,15841
"2020-07-02",nation,W92000004,Wales,15815
"2020-07-01",nation,W92000004,Wales,15775
"2020-04-17",nation,N92000002,Northern Ireland,2338
"2020-04-16",nation,N92000002,Northern Ireland,2201
"2020-04-15",nation,N92000002,Northern Ireland,2088
"2020-04-14",nation,N92000002,Northern Ireland,1967
"2020-04-13",nation,N92000002,Northern Ireland,1882
"2020-06-30",nation,W92000004,Wales,15743
"2020-06-29",nation,W92000004,Wales,15717
"2020-06-28",nation,W92000004,Wales,15602
"2020-06-27",nation,W92000004,Wales,15577
"2020-06-26",nation,W92000004,Wales,15531
"2020-06-25",nation,W92000004,Wales,15466
"2020-04-12",nation,N92000002,Northern Ireland,1806
"2020-04-11",nation,N92000002,Northern Ireland,1717
"2020-04-10",nation,N92000002,Northern Ireland,1589
"2020-06-24",nation,W92000004,Wales,15341
"2020-04-09",nation,N92000002,Northern Ireland,1477
"2020-04-08",nation,N92000002,Northern Ireland,1339
"2020-04-07",nation,N92000002,Northern Ireland,1255
"2020-04-06",nation,N92000002,Northern Ireland,1158
"2020-04-05",nation,N92000002,Northern Ireland,1089
"2020-04-04",nation,N92000002,Northern Ireland,998
"2020-06-23",nation,W92000004,Wales,15295
"2020-06-22",nation,W92000004,Wales,15197
"2020-06-21",nation,W92000004,Wales,15126
"2020-06-20",nation,W92000004,Wales,15026
"2020-04-03",nation,N92000002,Northern Ireland,904
"2020-04-02",nation,N92000002,Northern Ireland,774
"2020-04-01",nation,N92000002,Northern Ireland,689
"2020-03-31",nation,N92000002,Northern Ireland,586
"2020-03-30",nation,N92000002,Northern Ireland,533
"2020-03-29",nation,N92000002,Northern Ireland,410
"2020-03-28",nation,N92000002,Northern Ireland,324
"2020-06-19",nation,W92000004,Wales,15001
"2020-06-18",nation,W92000004,Wales,14970
"2020-06-17",nation,W92000004,Wales,14922
"2020-06-16",nation,W92000004,Wales,14869
"2020-06-15",nation,W92000004,Wales,14804
"2020-06-14",nation,W92000004,Wales,14742
"2020-06-13",nation,W92000004,Wales,14703
"2020-06-12",nation,W92000004,Wales,14658
"2020-06-11",nation,W92000004,Wales,14581
"2020-06-10",nation,W92000004,Wales,14518
"2020-06-09",nation,W92000004,Wales,14480
"2020-06-08",nation,W92000004,Wales,14438
"2020-03-27",nation,N92000002,Northern Ireland,275
"2020-03-26",nation,N92000002,Northern Ireland,241
"2020-03-25",nation,N92000002,Northern Ireland,209
"2020-03-24",nation,N92000002,Northern Ireland,172
"2020-03-23",nation,N92000002,Northern Ireland,148
"2020-03-22",nation,N92000002,Northern Ireland,128
"2020-03-21",nation,N92000002,Northern Ireland,108
"2020-06-07",nation,W92000004,Wales,14396
"2020-06-06",nation,W92000004,Wales,14356
"2020-06-05",nation,W92000004,Wales,14314
"2020-06-04",nation,W92000004,Wales,14238
"2020-06-03",nation,W92000004,Wales,14203
"2020-06-02",nation,W92000004,Wales,14121
"2020-06-01",nation,W92000004,Wales,14054
"2020-05-31",nation,W92000004,Wales,13995
"2020-03-20",nation,N92000002,Northern Ireland,86
"2020-03-19",nation,N92000002,Northern Ireland,77
"2020-03-18",nation,N92000002,Northern Ireland,68
"2020-03-17",nation,N92000002,Northern Ireland,62
"2020-03-16",nation,N92000002,Northern Ireland,52
"2020-05-30",nation,W92000004,Wales,13913
"2020-05-29",nation,W92000004,Wales,13827
"2020-03-15",nation,N92000002,Northern Ireland,45
"2020-05-28",nation,W92000004,Wales,13725
"2020-05-27",nation,W92000004,Wales,13653
"2020-05-26",nation,W92000004,Wales,13556
"2020-05-25",nation,W92000004,Wales,13415
"2020-05-24",nation,W92000004,Wales,13309
"2020-05-23",nation,W92000004,Wales,13169
"2020-05-22",nation,W92000004,Wales,12984
"2020-05-21",nation,W92000004,Wales,12846
"2020-05-20",nation,W92000004,Wales,12680
"2020-03-14",nation,N92000002,Northern Ireland,34
"2020-03-13",nation,N92000002,Northern Ireland,29
"2020-03-12",nation,N92000002,Northern Ireland,19
"2020-05-19",nation,W92000004,Wales,12570
"2020-03-11",nation,N92000002,Northern Ireland,18
"2020-03-10",nation,N92000002,Northern Ireland,16
"2020-03-09",nation,N92000002,Northern Ireland,12
"2020-03-08",nation,N92000002,Northern Ireland,9
"2020-03-07",nation,N92000002,Northern Ireland,4
"2020-03-06",nation,N92000002,Northern Ireland,2
"2020-05-18",nation,W92000004,Wales,12404
"2020-05-17",nation,W92000004,Wales,12304
"2020-05-16",nation,W92000004,Wales,12142
"2020-05-15",nation,W92000004,Wales,11960
"2020-05-14",nation,W92000004,Wales,11834
"2020-05-13",nation,W92000004,Wales,11706
"2020-05-12",nation,W92000004,Wales,11573
"2020-05-11",nation,W92000004,Wales,11468
"2020-05-10",nation,W92000004,Wales,11344
"2020-05-09",nation,W92000004,Wales,11121
"2020-05-08",nation,W92000004,Wales,11003
"2020-05-07",nation,W92000004,Wales,10851
"2020-05-06",nation,W92000004,Wales,10764
"2020-05-05",nation,W92000004,Wales,10669
"2020-05-04",nation,W92000004,Wales,10524
"2020-05-03",nation,W92000004,Wales,10329
"2020-05-02",nation,W92000004,Wales,10155
"2020-05-01",nation,W92000004,Wales,9972
"2020-04-30",nation,W92000004,Wales,9812
"2020-04-29",nation,W92000004,Wales,9629
"2020-04-28",nation,W92000004,Wales,9512
"2020-04-27",nation,W92000004,Wales,9280
"2020-04-26",nation,W92000004,Wales,9078
"2020-04-25",nation,W92000004,Wales,8900
"2020-04-24",nation,W92000004,Wales,8601
"2020-04-23",nation,W92000004,Wales,8358
"2020-04-22",nation,W92000004,Wales,8124
"2020-04-21",nation,W92000004,Wales,7850
"2020-04-20",nation,W92000004,Wales,7546
"2020-04-19",nation,W92000004,Wales,7270
"2020-04-18",nation,W92000004,Wales,6936
"2020-04-17",nation,W92000004,Wales,6645
"2020-04-16",nation,W92000004,Wales,6401
"2020-04-15",nation,W92000004,Wales,6118
"2020-04-14",nation,W92000004,Wales,5848
"2020-04-13",nation,W92000004,Wales,5610
"2020-04-12",nation,W92000004,Wales,5297
"2020-04-11",nation,W92000004,Wales,4930
"2020-04-10",nation,W92000004,Wales,4591
"2020-04-09",nation,W92000004,Wales,4089
"2020-04-08",nation,W92000004,Wales,4073
"2020-04-07",nation,W92000004,Wales,3790
"2020-04-06",nation,W92000004,Wales,3499
"2020-04-05",nation,W92000004,Wales,3197
"2020-04-04",nation,W92000004,Wales,2853
"2020-04-03",nation,W92000004,Wales,2466
"2020-04-02",nation,W92000004,Wales,2121
"2020-04-01",nation,W92000004,Wales,1837
"2020-03-31",nation,W92000004,Wales,1563
"2020-03-30",nation,W92000004,Wales,1451
"2020-03-29",nation,W92000004,Wales,1241
"2020-03-28",nation,W92000004,Wales,1093
"2020-03-27",nation,W92000004,Wales,921
"2020-03-26",nation,W92000004,Wales,741
"2020-03-25",nation,W92000004,Wales,628
"2020-03-24",nation,W92000004,Wales,478
"2020-03-23",nation,W92000004,Wales,418
"2020-03-22",nation,W92000004,Wales,347
"2020-03-21",nation,W92000004,Wales,280
"2020-03-20",nation,W92000004,Wales,191
"2020-03-19",nation,W92000004,Wales,170
"2020-03-18",nation,W92000004,Wales,149
"2020-03-17",nation,W92000004,Wales,136
"2020-03-16",nation,W92000004,Wales,124
"2020-03-15",nation,W92000004,Wales,94
"2020-03-14",nation,W92000004,Wales,60
"2020-03-13",nation,W92000004,Wales,38
"2020-03-12",nation,W92000004,Wales,25
"2020-03-11",nation,W92000004,Wales,15
"2020-03-10",nation,W92000004,Wales,6
"2020-03-09",nation,W92000004,Wales,4
"2020-03-08",nation,W92000004,Wales,2
"2020-03-07",nation,W92000004,Wales,2
"2020-03-06",nation,W92000004,Wales,2
"2020-03-05",nation,W92000004,Wales,2
"2020-03-04",nation,W92000004,Wales,1
"2020-03-03",nation,W92000004,Wales,1
"2020-03-02",nation,W92000004,Wales,1
"2020-03-01",nation,W92000004,Wales,1
"2020-02-29",nation,W92000004,Wales,1
"2020-02-28",nation,W92000004,Wales,1